body	claim	verdict	evidence
184	"15 | 62 %" wrong-at-write cause table	correct-at-write	created 2026-08-04T23:44:42Z, before 0ba2b62 landed 2026-08-05T00:26:17Z; 62 % was the live figure
185	"15 of 24 wrong-at-write figures (62 %)"	correct-at-write	created 00:13:49Z, 12 min before the correction landed
185	"retyped ... got 16; deriving gives 15"	correct	classify_wrong_figures.py gives 15 memory-cause rows
187	"the 62 % cause reproduced in the round that diagnoses it"	correct-at-write	created 00:23:44Z, 2m33s before the correction landed
188	"15 of 24 wrong-at-write figures (62 %)"	WRONG	created 00:27:53Z, 96 s AFTER 0ba2b62; population was 27 and rate 56 %. Filed as #209
191	"a count restated from memory ... 15  62 %"	correct	quotes the broken split it reports, not an assertion
209	"WRONG-AT-WRITE 27, restated from memory 15 (56 %)"	correct	python3 scripts/classify_wrong_figures.py
209	"24 and 62 % are the pre-#187 figures"	correct	0ba2b62 moved 24->27 and 62->56
214	"15 of 24 ... (62 %)" quoted as the defect	correct	quotation of #209
218	"62 % is the pre-correction rate ... making it 56 %"	correct	classify_wrong_figures.py
169	"8/307 = 2.61 %"	correct	8/307 = 2.606 %
169	"2/185 = 1.08 %"	correct	2/185 = 1.081 %
169	"3/65 = 4.62 %"	correct	3/65 = 4.615 %
169	"ratio 4.27x"	correct	4.615 / 1.081 = 4.27
113	"applying that definition to the file today gives 93, not 69"	correct	69 + 24 screened-only rows = 93
113	"round 23 appended 24 screened" rows	correct	em_refinement_deltas.tsv: 24 rows status "screened only"
114	"the named entries definition yielded 93, not the 69"	correct	same derivation
115	"63 is not a subset of 69"	correct	63 = 59 attempted + 4 LOST; 69 excludes LOST
115	"state 59 (attempted within the 69)"	correct	measured 35 + delta-only 23 + d_FSC-only 1 = 59
120	"em_refinement_deltas.tsv carries 10 skipped: rows today"	correct	grep -c "skipped:" = 10
129	"the 10 skipped: rows"	correct	same
129	"the real 2N54 value is 17.4"	correct	verified in round 25's audit; wwPDB report
129	"12 defects (#116-#127), 4 high"	correct	round_findings.tsv: 12 rows, 4 severity=high
132	"a 20-file audit round was branched"	WRONG	gh pr view 129 --json files = 19. Filed as #135
135	"It is 19"	correct	same
128	"the branch carries 17 files of unrelated in-flight work"	contested	#134 says the round as committed touches 19; the two quantities differ in scope
147	"42 guard checks -- it is 50"	correct	round 30 re-ran 8bdad88 and got 42; later commits added assertions
147	"42 was correct at 8bdad88"	correct	commit reachable; re-run gives "42 checks"
150	"the gate now says 12 checkable, not 7"	correct	check_round_figures.py output moved as citations were added
154	"237 tolerance checks"	correct	validate.sh reports 237 today
154	"84 guard checks"	correct-at-write	88 today; the suite grew after
154	"16 record-tool checks"	correct	16 today
155	"Six review passes found 15 defects" -> "It is 14"	correct	#139-#153 holds 14 ISSUES; #141 is the round's own PR
155	"round 25's 12 defects, 4 high is correct"	correct	round_findings.tsv
159	"NEXT_TASKS said 5 defects; round 26's trail says two"	correct	round26.md pass 4 = two
159	"20 is the trail-file count, 26 the highest round"	correct	20 trail files at the time; rounds 1-5 and 9 have none
160	"at round 40 check_summary_coverage.py dies with a traceback"	correct	_WORDS held {20,30}; spell(40) raised KeyError
161	"the round-table claim is wrong by 87"	correct	99 - 12 = 87
163	"the sequence is 12, 2, 5"	correct	round26.md pass 4 = 2, pass 6 = 5
163	"3/60 is 5 %, 4/60 is 6.7 %"	correct	3/60 = 5.0 %, 4/60 = 6.67 %
163	"4 of 60 is correct and line 178's 3 of 60 is wrong"	correct	4 rows above the 1.074 fence
141	"231 tolerance checks, 42 guard checks, 16 record-tool"	correct-at-write	all three have since grown
114	"209 unit checks pass"	correct-at-write	suite has since grown
164	miscount tally 1+1+1+2+1+1+2 = 9 through #158	correct	sums to 9; #163 is therefore the tenth
164	"#130 three high -> four"	correct	round_findings.tsv: #116-#127 has 4 high
164	"#135 20-file -> 19"	correct	gh pr view 129 --json files = 19
164	"#147 42 guard checks -> 50"	correct	round 30 re-ran 8bdad88
164	"#150 7 checkable -> 12, and 50 -> 70"	correct	gate output moved as citations were added
164	"#155 15 defects -> 14"	correct	#139-#153 holds 14 issues
164	"#158 5 with a different lens -> 2"	correct	round26.md pass 4 = two
167	10RI stated +0.45 %, record says 0.4441 %	correct	TSV d_fsc_model_delta_pct = 0.4441
167	"check_registry_figures.py, whose 14 checks cover the aggregate"	correct-at-write	19 today after round 29 added 5
168	table 227+99 = 326	correct	arithmetic
168	table 223+84 = 307	correct	arithmetic
168	table 221+78 = 299	correct	arithmetic
168	"3 + 5 = 8 wrong"	correct	arithmetic
168	"registry ~185, 2 wrong, ~1.1 %"	correct	2/185 = 1.081 %
168	"trails ~65, 3 wrong, ~4.6 %"	correct	3/65 = 4.615 %
168	"the registry is ~4x cleaner"	correct	4.615 / 1.081 = 4.27
168	"#166 round 27: only four figures are derived -> three"	correct	round 27 derived three
168	"#166 round 26: 12 checked, 10 of 21 -> 15"	correct	check_round_figures.py reported 15
168	"#167 registry ranges 2.2-6.1 -> 2.06-4.35 over 36"	correct	36 rows with both pre and post
169	"row 1: 221+3 = 224 does not equal the stated 223"	correct	arithmetic; over by 1
169	"row 2: 78+5 = 83 does not equal the stated 84"	correct	arithmetic; under by 1
169	"the total balances only because the row errors cancel"	correct	299+8 = 307
169	"7 wrong figures established, 1 flagged"	correct	round 28's exact figure
170	"12 checked, 11 not -> 15 and 10 are checked of 21 -> 13"	correct	two denominators, both real
172	"Tenth is right"	correct	P4 establishes ten
174	"231: issues filed during round 28 (#164-#167, #169-#173) = 9"	correct	nine issue numbers
174	"under that rule the same set is 15, not 9"	correct	1+1+2+2+1+5+1+1+1 = 15
181	"of 29 claims pairing an entry id with a number, 9 derivable, 20 not"	correct	9+20 = 29
182	"roughly 13 : 11"	correct	approximate by construction; round 29 later refined to ~15:11
184	"the convention addresses 6 of 30 classifiable figures - one in five"	correct-at-write	6/30 = 20 %; population later 33
184	"WRONG-AT-WRITE 24 (80 %), STALE 6 (20 %), UNDECIDABLE 4"	correct-at-write	24+6 = 30; 24/30 = 80 %. Superseded by #187
184	"memory 15 (62 %), incomplete edit 9 (38 %)"	correct-at-write	15+9 = 24; 15/24 = 62.5 %. Superseded by #187
185	"what the 15 were counting: 7 + 4 + 1 each x 4"	correct	sums to 15
186	"round 30 could not classify 4 of 34"	correct-at-write	24+6+4 = 34. Superseded by #187
187	"gh pr view 129 returns 6, not ~20 - off by more than 3x"	correct	20/6 = 3.33
187	"142 dangling commits still present locally"	correct-at-write	149 today; the count grows
187	before/after: STALE 6->6, WRONG 24->27, UNDECIDABLE 4->0, 1 removed	correct	34 - 1 = 33
187	"P1 confirmed (6 of 33, 18 %)"	correct	6/33 = 18.2 %
188	"7 of the 15 were counting issues and severities"	correct	#185's breakdown
188	"#135 - a 20-file audit round of a 19-file diff"	correct	PR 129 has 19 files
189	"#188 is this tool's own pull request. The correct answer is 2."	correct	round_figures --issues 186-188 = 2
189	"#155 - 15 defects (#139-#153), which was 14"	correct	round_findings.tsv
191	"corrected split: memory 15 (56 %), incomplete edit 12 (44 %)"	correct	15+12 = 27; 15/27 = 56 %
204	"the sweep read 7 hits" -> 8 exist	correct	grep -rn dangling returns 8 lines
207	"git log main | grep '^Fix #' returns 3"	correct	squash-merging absorbs the rest
208	"the 39 span #22 through #193; only 33 come from round 24 on"	correct	per-PR breakdown
210	"#187 moved three undecidable into wrong-at-write and dropped one"	correct	4 -> 3 moved, #177c dropped
210	"a table reading 15 + 12 = 27, shares 56 % and 44 %"	correct	arithmetic
214	"33 Fix # commits, 155 lines, 35 claims, 0 wrong"	correct	round 31's ledger
214	"P(0 | p = 0.0228, n = 35) = 0.446"	correct	recomputed
214	"130 verified claims are needed"	correct	ceil(log .05 / log(1-p)) = 130
215	"a fourth statement of something already stated three times"	WRONG	the rule is stated TWICE (backlog-loop-goal.md:126 and :131), so a new copy is the third. Filed as #216
215	"the first draft said since round 19 and eleven rounds - both wrong"	correct	c3c2bcb sits between #106 and #114; eight rounds
218	"35 + 23 = 58 claims, 2 wrong, 3.45 %"	correct	arithmetic
218	"round 32 adds 2 of 23 = 8.7 %"	correct	arithmetic
218	"P(>=2 | p = 0.0228, n = 58) = 0.382"	correct	recomputed
218	"scope implicated in 2 of 2, memory in 1 of 2"	correct	round 32's two wrong claims
218	"352 backticks"	correct-at-write	380 today
219	"#203 returns totalCount 2 and both prior bodies in full"	correct	GraphQL userContentEdits
